[
  {
    "name": "Application Start",
    "start": 1590399042478,
    "end": 1590399044881,
    "duration": 2403,
    "pid": 6672,
    "index": 0
  },
  {
    "name": "Load Plugin",
    "start": 1590399042494,
    "end": 1590399042551,
    "duration": 57,
    "pid": 6672,
    "index": 1
  },
  {
    "name": "Load Config",
    "start": 1590399042552,
    "end": 1590399043194,
    "duration": 642,
    "pid": 6672,
    "index": 2
  },
  {
    "name": "Require(0) config/config.default.js",
    "start": 1590399042554,
    "end": 1590399042555,
    "duration": 1,
    "pid": 6672,
    "index": 3
  },
  {
    "name": "Require(1) node_modules/egg-session/config/config.default.js",
    "start": 1590399043140,
    "end": 1590399043141,
    "duration": 1,
    "pid": 6672,
    "index": 4
  },
  {
    "name": "Require(2) node_modules/egg-security/config/config.default.js",
    "start": 1590399043143,
    "end": 1590399043143,
    "duration": 0,
    "pid": 6672,
    "index": 5
  },
  {
    "name": "Require(3) node_modules/egg-jsonp/config/config.default.js",
    "start": 1590399043147,
    "end": 1590399043148,
    "duration": 1,
    "pid": 6672,
    "index": 6
  },
  {
    "name": "Require(4) node_modules/egg-onerror/config/config.default.js",
    "start": 1590399043149,
    "end": 1590399043150,
    "duration": 1,
    "pid": 6672,
    "index": 7
  },
  {
    "name": "Require(5) node_modules/egg-i18n/config/config.default.js",
    "start": 1590399043151,
    "end": 1590399043152,
    "duration": 1,
    "pid": 6672,
    "index": 8
  },
  {
    "name": "Require(6) node_modules/egg-watcher/config/config.default.js",
    "start": 1590399043153,
    "end": 1590399043154,
    "duration": 1,
    "pid": 6672,
    "index": 9
  },
  {
    "name": "Require(7) node_modules/egg-schedule/config/config.default.js",
    "start": 1590399043155,
    "end": 1590399043155,
    "duration": 0,
    "pid": 6672,
    "index": 10
  },
  {
    "name": "Require(8) node_modules/egg-multipart/config/config.default.js",
    "start": 1590399043157,
    "end": 1590399043157,
    "duration": 0,
    "pid": 6672,
    "index": 11
  },
  {
    "name": "Require(9) node_modules/egg-development/config/config.default.js",
    "start": 1590399043159,
    "end": 1590399043160,
    "duration": 1,
    "pid": 6672,
    "index": 12
  },
  {
    "name": "Require(10) node_modules/egg-logrotator/config/config.default.js",
    "start": 1590399043161,
    "end": 1590399043162,
    "duration": 1,
    "pid": 6672,
    "index": 13
  },
  {
    "name": "Require(11) node_modules/egg-static/config/config.default.js",
    "start": 1590399043163,
    "end": 1590399043164,
    "duration": 1,
    "pid": 6672,
    "index": 14
  },
  {
    "name": "Require(12) node_modules/egg-view/config/config.default.js",
    "start": 1590399043166,
    "end": 1590399043166,
    "duration": 0,
    "pid": 6672,
    "index": 15
  },
  {
    "name": "Require(13) node_modules/egg-mysql/config/config.default.js",
    "start": 1590399043168,
    "end": 1590399043169,
    "duration": 1,
    "pid": 6672,
    "index": 16
  },
  {
    "name": "Require(14) node_modules/egg-sequelize/config/config.default.js",
    "start": 1590399043170,
    "end": 1590399043170,
    "duration": 0,
    "pid": 6672,
    "index": 17
  },
  {
    "name": "Require(15) node_modules/egg-cors/config/config.default.js",
    "start": 1590399043171,
    "end": 1590399043172,
    "duration": 1,
    "pid": 6672,
    "index": 18
  },
  {
    "name": "Require(16) node_modules/egg/config/config.default.js",
    "start": 1590399043173,
    "end": 1590399043174,
    "duration": 1,
    "pid": 6672,
    "index": 19
  },
  {
    "name": "Require(17) config/config.default.js",
    "start": 1590399043180,
    "end": 1590399043180,
    "duration": 0,
    "pid": 6672,
    "index": 20
  },
  {
    "name": "Require(18) node_modules/egg-security/config/config.local.js",
    "start": 1590399043183,
    "end": 1590399043184,
    "duration": 1,
    "pid": 6672,
    "index": 21
  },
  {
    "name": "Require(19) node_modules/egg-watcher/config/config.local.js",
    "start": 1590399043186,
    "end": 1590399043186,
    "duration": 0,
    "pid": 6672,
    "index": 22
  },
  {
    "name": "Require(20) node_modules/egg-view/config/config.local.js",
    "start": 1590399043189,
    "end": 1590399043190,
    "duration": 1,
    "pid": 6672,
    "index": 23
  },
  {
    "name": "Require(21) node_modules/egg/config/config.local.js",
    "start": 1590399043192,
    "end": 1590399043193,
    "duration": 1,
    "pid": 6672,
    "index": 24
  },
  {
    "name": "Load extend/application.js",
    "start": 1590399043200,
    "end": 1590399043236,
    "duration": 36,
    "pid": 6672,
    "index": 25
  },
  {
    "name": "Require(22) node_modules/egg-session/app/extend/application.js",
    "start": 1590399043201,
    "end": 1590399043203,
    "duration": 2,
    "pid": 6672,
    "index": 26
  },
  {
    "name": "Require(23) node_modules/egg-security/app/extend/application.js",
    "start": 1590399043204,
    "end": 1590399043206,
    "duration": 2,
    "pid": 6672,
    "index": 27
  },
  {
    "name": "Require(24) node_modules/egg-jsonp/app/extend/application.js",
    "start": 1590399043207,
    "end": 1590399043209,
    "duration": 2,
    "pid": 6672,
    "index": 28
  },
  {
    "name": "Require(25) node_modules/egg-logrotator/app/extend/application.js",
    "start": 1590399043212,
    "end": 1590399043216,
    "duration": 4,
    "pid": 6672,
    "index": 29
  },
  {
    "name": "Require(26) node_modules/egg-view/app/extend/application.js",
    "start": 1590399043217,
    "end": 1590399043228,
    "duration": 11,
    "pid": 6672,
    "index": 30
  },
  {
    "name": "Load extend/request.js",
    "start": 1590399043236,
    "end": 1590399043252,
    "duration": 16,
    "pid": 6672,
    "index": 31
  },
  {
    "name": "Require(27) node_modules/egg/app/extend/request.js",
    "start": 1590399043243,
    "end": 1590399043245,
    "duration": 2,
    "pid": 6672,
    "index": 32
  },
  {
    "name": "Load extend/response.js",
    "start": 1590399043252,
    "end": 1590399043268,
    "duration": 16,
    "pid": 6672,
    "index": 33
  },
  {
    "name": "Require(28) node_modules/egg/app/extend/response.js",
    "start": 1590399043258,
    "end": 1590399043261,
    "duration": 3,
    "pid": 6672,
    "index": 34
  },
  {
    "name": "Load extend/context.js",
    "start": 1590399043268,
    "end": 1590399043387,
    "duration": 119,
    "pid": 6672,
    "index": 35
  },
  {
    "name": "Require(29) node_modules/egg-security/app/extend/context.js",
    "start": 1590399043269,
    "end": 1590399043286,
    "duration": 17,
    "pid": 6672,
    "index": 36
  },
  {
    "name": "Require(30) node_modules/egg-jsonp/app/extend/context.js",
    "start": 1590399043287,
    "end": 1590399043290,
    "duration": 3,
    "pid": 6672,
    "index": 37
  },
  {
    "name": "Require(31) node_modules/egg-i18n/app/extend/context.js",
    "start": 1590399043291,
    "end": 1590399043292,
    "duration": 1,
    "pid": 6672,
    "index": 38
  },
  {
    "name": "Require(32) node_modules/egg-multipart/app/extend/context.js",
    "start": 1590399043294,
    "end": 1590399043371,
    "duration": 77,
    "pid": 6672,
    "index": 39
  },
  {
    "name": "Require(33) node_modules/egg-view/app/extend/context.js",
    "start": 1590399043373,
    "end": 1590399043376,
    "duration": 3,
    "pid": 6672,
    "index": 40
  },
  {
    "name": "Require(34) node_modules/egg/app/extend/context.js",
    "start": 1590399043378,
    "end": 1590399043380,
    "duration": 2,
    "pid": 6672,
    "index": 41
  },
  {
    "name": "Load extend/helper.js",
    "start": 1590399043388,
    "end": 1590399043442,
    "duration": 54,
    "pid": 6672,
    "index": 42
  },
  {
    "name": "Require(35) node_modules/egg-security/app/extend/helper.js",
    "start": 1590399043389,
    "end": 1590399043429,
    "duration": 40,
    "pid": 6672,
    "index": 43
  },
  {
    "name": "Require(36) node_modules/egg/app/extend/helper.js",
    "start": 1590399043435,
    "end": 1590399043435,
    "duration": 0,
    "pid": 6672,
    "index": 44
  },
  {
    "name": "Load app.js",
    "start": 1590399043443,
    "end": 1590399043571,
    "duration": 128,
    "pid": 6672,
    "index": 45
  },
  {
    "name": "Require(37) node_modules/egg-session/app.js",
    "start": 1590399043443,
    "end": 1590399043444,
    "duration": 1,
    "pid": 6672,
    "index": 46
  },
  {
    "name": "Require(38) node_modules/egg-security/app.js",
    "start": 1590399043445,
    "end": 1590399043448,
    "duration": 3,
    "pid": 6672,
    "index": 47
  },
  {
    "name": "Require(39) node_modules/egg-onerror/app.js",
    "start": 1590399043450,
    "end": 1590399043466,
    "duration": 16,
    "pid": 6672,
    "index": 48
  },
  {
    "name": "Require(40) node_modules/egg-i18n/app.js",
    "start": 1590399043467,
    "end": 1590399043499,
    "duration": 32,
    "pid": 6672,
    "index": 49
  },
  {
    "name": "Require(41) node_modules/egg-watcher/app.js",
    "start": 1590399043504,
    "end": 1590399043511,
    "duration": 7,
    "pid": 6672,
    "index": 50
  },
  {
    "name": "Require(42) node_modules/egg-schedule/app.js",
    "start": 1590399043512,
    "end": 1590399043515,
    "duration": 3,
    "pid": 6672,
    "index": 51
  },
  {
    "name": "Require(43) node_modules/egg-multipart/app.js",
    "start": 1590399043516,
    "end": 1590399043521,
    "duration": 5,
    "pid": 6672,
    "index": 52
  },
  {
    "name": "Require(44) node_modules/egg-development/app.js",
    "start": 1590399043522,
    "end": 1590399043523,
    "duration": 1,
    "pid": 6672,
    "index": 53
  },
  {
    "name": "Require(45) node_modules/egg-logrotator/app.js",
    "start": 1590399043524,
    "end": 1590399043524,
    "duration": 0,
    "pid": 6672,
    "index": 54
  },
  {
    "name": "Require(46) node_modules/egg-static/app.js",
    "start": 1590399043525,
    "end": 1590399043526,
    "duration": 1,
    "pid": 6672,
    "index": 55
  },
  {
    "name": "Require(47) node_modules/egg-mysql/app.js",
    "start": 1590399043527,
    "end": 1590399043565,
    "duration": 38,
    "pid": 6672,
    "index": 56
  },
  {
    "name": "Require(48) node_modules/egg-sequelize/app.js",
    "start": 1590399043566,
    "end": 1590399043567,
    "duration": 1,
    "pid": 6672,
    "index": 57
  },
  {
    "name": "Require(49) node_modules/egg-cors/app.js",
    "start": 1590399043568,
    "end": 1590399043568,
    "duration": 0,
    "pid": 6672,
    "index": 58
  },
  {
    "name": "Before Start in node_modules/egg-watcher/lib/init.js:15:14",
    "start": 1590399043604,
    "end": 1590399044825,
    "duration": 1221,
    "pid": 6672,
    "index": 59
  },
  {
    "name": "Before Start in node_modules/egg-mysql/lib/mysql.js:20:7",
    "start": 1590399043894,
    "end": 1590399044818,
    "duration": 924,
    "pid": 6672,
    "index": 60
  },
  {
    "name": "Load \"Symbol(model)\" to Application",
    "start": 1590399044187,
    "end": 1590399044310,
    "duration": 123,
    "pid": 6672,
    "index": 61
  },
  {
    "name": "Before Start in node_modules/egg-sequelize/lib/loader.js:39:7",
    "start": 1590399044355,
    "end": 1590399044880,
    "duration": 525,
    "pid": 6672,
    "index": 62
  },
  {
    "name": "Load Service",
    "start": 1590399044357,
    "end": 1590399044410,
    "duration": 53,
    "pid": 6672,
    "index": 63
  },
  {
    "name": "Load \"service\" to Context",
    "start": 1590399044358,
    "end": 1590399044410,
    "duration": 52,
    "pid": 6672,
    "index": 64
  },
  {
    "name": "Load Middleware",
    "start": 1590399044410,
    "end": 1590399044620,
    "duration": 210,
    "pid": 6672,
    "index": 65
  },
  {
    "name": "Load \"middlewares\" to Application",
    "start": 1590399044411,
    "end": 1590399044597,
    "duration": 186,
    "pid": 6672,
    "index": 66
  },
  {
    "name": "Load Controller",
    "start": 1590399044620,
    "end": 1590399044656,
    "duration": 36,
    "pid": 6672,
    "index": 67
  },
  {
    "name": "Load \"controller\" to Application",
    "start": 1590399044620,
    "end": 1590399044656,
    "duration": 36,
    "pid": 6672,
    "index": 68
  },
  {
    "name": "Load Router",
    "start": 1590399044656,
    "end": 1590399044669,
    "duration": 13,
    "pid": 6672,
    "index": 69
  },
  {
    "name": "Require(50) app/router.js",
    "start": 1590399044657,
    "end": 1590399044658,
    "duration": 1,
    "pid": 6672,
    "index": 70
  },
  {
    "name": "Before Start in node_modules/egg-core/lib/egg.js:303:10",
    "start": 1590399044659,
    "end": 1590399044722,
    "duration": 63,
    "pid": 6672,
    "index": 71
  }
]