[
  {
    "name": "Application Start",
    "start": 1590399184896,
    "end": 1590399187203,
    "duration": 2307,
    "pid": 3248,
    "index": 0
  },
  {
    "name": "Load Plugin",
    "start": 1590399184906,
    "end": 1590399184944,
    "duration": 38,
    "pid": 3248,
    "index": 1
  },
  {
    "name": "Load Config",
    "start": 1590399184945,
    "end": 1590399185553,
    "duration": 608,
    "pid": 3248,
    "index": 2
  },
  {
    "name": "Require(0) config/config.default.js",
    "start": 1590399184946,
    "end": 1590399184947,
    "duration": 1,
    "pid": 3248,
    "index": 3
  },
  {
    "name": "Require(1) node_modules/egg-session/config/config.default.js",
    "start": 1590399185505,
    "end": 1590399185506,
    "duration": 1,
    "pid": 3248,
    "index": 4
  },
  {
    "name": "Require(2) node_modules/egg-security/config/config.default.js",
    "start": 1590399185507,
    "end": 1590399185508,
    "duration": 1,
    "pid": 3248,
    "index": 5
  },
  {
    "name": "Require(3) node_modules/egg-jsonp/config/config.default.js",
    "start": 1590399185511,
    "end": 1590399185512,
    "duration": 1,
    "pid": 3248,
    "index": 6
  },
  {
    "name": "Require(4) node_modules/egg-onerror/config/config.default.js",
    "start": 1590399185513,
    "end": 1590399185513,
    "duration": 0,
    "pid": 3248,
    "index": 7
  },
  {
    "name": "Require(5) node_modules/egg-i18n/config/config.default.js",
    "start": 1590399185514,
    "end": 1590399185515,
    "duration": 1,
    "pid": 3248,
    "index": 8
  },
  {
    "name": "Require(6) node_modules/egg-watcher/config/config.default.js",
    "start": 1590399185517,
    "end": 1590399185517,
    "duration": 0,
    "pid": 3248,
    "index": 9
  },
  {
    "name": "Require(7) node_modules/egg-schedule/config/config.default.js",
    "start": 1590399185519,
    "end": 1590399185519,
    "duration": 0,
    "pid": 3248,
    "index": 10
  },
  {
    "name": "Require(8) node_modules/egg-multipart/config/config.default.js",
    "start": 1590399185520,
    "end": 1590399185521,
    "duration": 1,
    "pid": 3248,
    "index": 11
  },
  {
    "name": "Require(9) node_modules/egg-development/config/config.default.js",
    "start": 1590399185523,
    "end": 1590399185523,
    "duration": 0,
    "pid": 3248,
    "index": 12
  },
  {
    "name": "Require(10) node_modules/egg-logrotator/config/config.default.js",
    "start": 1590399185524,
    "end": 1590399185525,
    "duration": 1,
    "pid": 3248,
    "index": 13
  },
  {
    "name": "Require(11) node_modules/egg-static/config/config.default.js",
    "start": 1590399185526,
    "end": 1590399185527,
    "duration": 1,
    "pid": 3248,
    "index": 14
  },
  {
    "name": "Require(12) node_modules/egg-view/config/config.default.js",
    "start": 1590399185528,
    "end": 1590399185529,
    "duration": 1,
    "pid": 3248,
    "index": 15
  },
  {
    "name": "Require(13) node_modules/egg-mysql/config/config.default.js",
    "start": 1590399185530,
    "end": 1590399185531,
    "duration": 1,
    "pid": 3248,
    "index": 16
  },
  {
    "name": "Require(14) node_modules/egg-sequelize/config/config.default.js",
    "start": 1590399185532,
    "end": 1590399185533,
    "duration": 1,
    "pid": 3248,
    "index": 17
  },
  {
    "name": "Require(15) node_modules/egg-cors/config/config.default.js",
    "start": 1590399185534,
    "end": 1590399185534,
    "duration": 0,
    "pid": 3248,
    "index": 18
  },
  {
    "name": "Require(16) node_modules/egg/config/config.default.js",
    "start": 1590399185535,
    "end": 1590399185536,
    "duration": 1,
    "pid": 3248,
    "index": 19
  },
  {
    "name": "Require(17) config/config.default.js",
    "start": 1590399185541,
    "end": 1590399185541,
    "duration": 0,
    "pid": 3248,
    "index": 20
  },
  {
    "name": "Require(18) node_modules/egg-security/config/config.local.js",
    "start": 1590399185543,
    "end": 1590399185544,
    "duration": 1,
    "pid": 3248,
    "index": 21
  },
  {
    "name": "Require(19) node_modules/egg-watcher/config/config.local.js",
    "start": 1590399185546,
    "end": 1590399185546,
    "duration": 0,
    "pid": 3248,
    "index": 22
  },
  {
    "name": "Require(20) node_modules/egg-view/config/config.local.js",
    "start": 1590399185549,
    "end": 1590399185550,
    "duration": 1,
    "pid": 3248,
    "index": 23
  },
  {
    "name": "Require(21) node_modules/egg/config/config.local.js",
    "start": 1590399185552,
    "end": 1590399185553,
    "duration": 1,
    "pid": 3248,
    "index": 24
  },
  {
    "name": "Load extend/application.js",
    "start": 1590399185557,
    "end": 1590399185592,
    "duration": 35,
    "pid": 3248,
    "index": 25
  },
  {
    "name": "Require(22) node_modules/egg-session/app/extend/application.js",
    "start": 1590399185558,
    "end": 1590399185559,
    "duration": 1,
    "pid": 3248,
    "index": 26
  },
  {
    "name": "Require(23) node_modules/egg-security/app/extend/application.js",
    "start": 1590399185560,
    "end": 1590399185562,
    "duration": 2,
    "pid": 3248,
    "index": 27
  },
  {
    "name": "Require(24) node_modules/egg-jsonp/app/extend/application.js",
    "start": 1590399185563,
    "end": 1590399185566,
    "duration": 3,
    "pid": 3248,
    "index": 28
  },
  {
    "name": "Require(25) node_modules/egg-logrotator/app/extend/application.js",
    "start": 1590399185569,
    "end": 1590399185572,
    "duration": 3,
    "pid": 3248,
    "index": 29
  },
  {
    "name": "Require(26) node_modules/egg-view/app/extend/application.js",
    "start": 1590399185573,
    "end": 1590399185575,
    "duration": 2,
    "pid": 3248,
    "index": 30
  },
  {
    "name": "Load extend/request.js",
    "start": 1590399185592,
    "end": 1590399185607,
    "duration": 15,
    "pid": 3248,
    "index": 31
  },
  {
    "name": "Require(27) node_modules/egg/app/extend/request.js",
    "start": 1590399185599,
    "end": 1590399185600,
    "duration": 1,
    "pid": 3248,
    "index": 32
  },
  {
    "name": "Load extend/response.js",
    "start": 1590399185607,
    "end": 1590399185623,
    "duration": 16,
    "pid": 3248,
    "index": 33
  },
  {
    "name": "Require(28) node_modules/egg/app/extend/response.js",
    "start": 1590399185614,
    "end": 1590399185616,
    "duration": 2,
    "pid": 3248,
    "index": 34
  },
  {
    "name": "Load extend/context.js",
    "start": 1590399185623,
    "end": 1590399185738,
    "duration": 115,
    "pid": 3248,
    "index": 35
  },
  {
    "name": "Require(29) node_modules/egg-security/app/extend/context.js",
    "start": 1590399185624,
    "end": 1590399185642,
    "duration": 18,
    "pid": 3248,
    "index": 36
  },
  {
    "name": "Require(30) node_modules/egg-jsonp/app/extend/context.js",
    "start": 1590399185643,
    "end": 1590399185645,
    "duration": 2,
    "pid": 3248,
    "index": 37
  },
  {
    "name": "Require(31) node_modules/egg-i18n/app/extend/context.js",
    "start": 1590399185647,
    "end": 1590399185647,
    "duration": 0,
    "pid": 3248,
    "index": 38
  },
  {
    "name": "Require(32) node_modules/egg-multipart/app/extend/context.js",
    "start": 1590399185649,
    "end": 1590399185723,
    "duration": 74,
    "pid": 3248,
    "index": 39
  },
  {
    "name": "Require(33) node_modules/egg-view/app/extend/context.js",
    "start": 1590399185725,
    "end": 1590399185727,
    "duration": 2,
    "pid": 3248,
    "index": 40
  },
  {
    "name": "Require(34) node_modules/egg/app/extend/context.js",
    "start": 1590399185729,
    "end": 1590399185731,
    "duration": 2,
    "pid": 3248,
    "index": 41
  },
  {
    "name": "Load extend/helper.js",
    "start": 1590399185738,
    "end": 1590399185793,
    "duration": 55,
    "pid": 3248,
    "index": 42
  },
  {
    "name": "Require(35) node_modules/egg-security/app/extend/helper.js",
    "start": 1590399185740,
    "end": 1590399185780,
    "duration": 40,
    "pid": 3248,
    "index": 43
  },
  {
    "name": "Require(36) node_modules/egg/app/extend/helper.js",
    "start": 1590399185786,
    "end": 1590399185787,
    "duration": 1,
    "pid": 3248,
    "index": 44
  },
  {
    "name": "Load app.js",
    "start": 1590399185794,
    "end": 1590399185920,
    "duration": 126,
    "pid": 3248,
    "index": 45
  },
  {
    "name": "Require(37) node_modules/egg-session/app.js",
    "start": 1590399185795,
    "end": 1590399185795,
    "duration": 0,
    "pid": 3248,
    "index": 46
  },
  {
    "name": "Require(38) node_modules/egg-security/app.js",
    "start": 1590399185796,
    "end": 1590399185799,
    "duration": 3,
    "pid": 3248,
    "index": 47
  },
  {
    "name": "Require(39) node_modules/egg-onerror/app.js",
    "start": 1590399185801,
    "end": 1590399185817,
    "duration": 16,
    "pid": 3248,
    "index": 48
  },
  {
    "name": "Require(40) node_modules/egg-i18n/app.js",
    "start": 1590399185818,
    "end": 1590399185850,
    "duration": 32,
    "pid": 3248,
    "index": 49
  },
  {
    "name": "Require(41) node_modules/egg-watcher/app.js",
    "start": 1590399185855,
    "end": 1590399185862,
    "duration": 7,
    "pid": 3248,
    "index": 50
  },
  {
    "name": "Require(42) node_modules/egg-schedule/app.js",
    "start": 1590399185863,
    "end": 1590399185866,
    "duration": 3,
    "pid": 3248,
    "index": 51
  },
  {
    "name": "Require(43) node_modules/egg-multipart/app.js",
    "start": 1590399185867,
    "end": 1590399185872,
    "duration": 5,
    "pid": 3248,
    "index": 52
  },
  {
    "name": "Require(44) node_modules/egg-development/app.js",
    "start": 1590399185873,
    "end": 1590399185873,
    "duration": 0,
    "pid": 3248,
    "index": 53
  },
  {
    "name": "Require(45) node_modules/egg-logrotator/app.js",
    "start": 1590399185874,
    "end": 1590399185875,
    "duration": 1,
    "pid": 3248,
    "index": 54
  },
  {
    "name": "Require(46) node_modules/egg-static/app.js",
    "start": 1590399185876,
    "end": 1590399185876,
    "duration": 0,
    "pid": 3248,
    "index": 55
  },
  {
    "name": "Require(47) node_modules/egg-mysql/app.js",
    "start": 1590399185878,
    "end": 1590399185915,
    "duration": 37,
    "pid": 3248,
    "index": 56
  },
  {
    "name": "Require(48) node_modules/egg-sequelize/app.js",
    "start": 1590399185915,
    "end": 1590399185916,
    "duration": 1,
    "pid": 3248,
    "index": 57
  },
  {
    "name": "Require(49) node_modules/egg-cors/app.js",
    "start": 1590399185917,
    "end": 1590399185917,
    "duration": 0,
    "pid": 3248,
    "index": 58
  },
  {
    "name": "Before Start in node_modules/egg-watcher/lib/init.js:15:14",
    "start": 1590399185952,
    "end": 1590399187127,
    "duration": 1175,
    "pid": 3248,
    "index": 59
  },
  {
    "name": "Before Start in node_modules/egg-mysql/lib/mysql.js:20:7",
    "start": 1590399186222,
    "end": 1590399187072,
    "duration": 850,
    "pid": 3248,
    "index": 60
  },
  {
    "name": "Load \"Symbol(model)\" to Application",
    "start": 1590399186505,
    "end": 1590399186612,
    "duration": 107,
    "pid": 3248,
    "index": 61
  },
  {
    "name": "Before Start in node_modules/egg-sequelize/lib/loader.js:39:7",
    "start": 1590399186654,
    "end": 1590399187201,
    "duration": 547,
    "pid": 3248,
    "index": 62
  },
  {
    "name": "Load Service",
    "start": 1590399186655,
    "end": 1590399186700,
    "duration": 45,
    "pid": 3248,
    "index": 63
  },
  {
    "name": "Load \"service\" to Context",
    "start": 1590399186655,
    "end": 1590399186700,
    "duration": 45,
    "pid": 3248,
    "index": 64
  },
  {
    "name": "Load Middleware",
    "start": 1590399186701,
    "end": 1590399186864,
    "duration": 163,
    "pid": 3248,
    "index": 65
  },
  {
    "name": "Load \"middlewares\" to Application",
    "start": 1590399186701,
    "end": 1590399186843,
    "duration": 142,
    "pid": 3248,
    "index": 66
  },
  {
    "name": "Load Controller",
    "start": 1590399186864,
    "end": 1590399186900,
    "duration": 36,
    "pid": 3248,
    "index": 67
  },
  {
    "name": "Load \"controller\" to Application",
    "start": 1590399186864,
    "end": 1590399186900,
    "duration": 36,
    "pid": 3248,
    "index": 68
  },
  {
    "name": "Load Router",
    "start": 1590399186900,
    "end": 1590399186914,
    "duration": 14,
    "pid": 3248,
    "index": 69
  },
  {
    "name": "Require(50) app/router.js",
    "start": 1590399186901,
    "end": 1590399186902,
    "duration": 1,
    "pid": 3248,
    "index": 70
  },
  {
    "name": "Before Start in node_modules/egg-core/lib/egg.js:303:10",
    "start": 1590399186904,
    "end": 1590399186985,
    "duration": 81,
    "pid": 3248,
    "index": 71
  }
]