[
  {
    "name": "Application Start",
    "start": 1590399762243,
    "end": 1590399764551,
    "duration": 2308,
    "pid": 8892,
    "index": 0
  },
  {
    "name": "Load Plugin",
    "start": 1590399762253,
    "end": 1590399762289,
    "duration": 36,
    "pid": 8892,
    "index": 1
  },
  {
    "name": "Load Config",
    "start": 1590399762289,
    "end": 1590399762884,
    "duration": 595,
    "pid": 8892,
    "index": 2
  },
  {
    "name": "Require(0) config/config.default.js",
    "start": 1590399762291,
    "end": 1590399762292,
    "duration": 1,
    "pid": 8892,
    "index": 3
  },
  {
    "name": "Require(1) node_modules/egg-session/config/config.default.js",
    "start": 1590399762836,
    "end": 1590399762837,
    "duration": 1,
    "pid": 8892,
    "index": 4
  },
  {
    "name": "Require(2) node_modules/egg-security/config/config.default.js",
    "start": 1590399762838,
    "end": 1590399762839,
    "duration": 1,
    "pid": 8892,
    "index": 5
  },
  {
    "name": "Require(3) node_modules/egg-jsonp/config/config.default.js",
    "start": 1590399762842,
    "end": 1590399762842,
    "duration": 0,
    "pid": 8892,
    "index": 6
  },
  {
    "name": "Require(4) node_modules/egg-onerror/config/config.default.js",
    "start": 1590399762843,
    "end": 1590399762844,
    "duration": 1,
    "pid": 8892,
    "index": 7
  },
  {
    "name": "Require(5) node_modules/egg-i18n/config/config.default.js",
    "start": 1590399762845,
    "end": 1590399762846,
    "duration": 1,
    "pid": 8892,
    "index": 8
  },
  {
    "name": "Require(6) node_modules/egg-watcher/config/config.default.js",
    "start": 1590399762847,
    "end": 1590399762848,
    "duration": 1,
    "pid": 8892,
    "index": 9
  },
  {
    "name": "Require(7) node_modules/egg-schedule/config/config.default.js",
    "start": 1590399762849,
    "end": 1590399762850,
    "duration": 1,
    "pid": 8892,
    "index": 10
  },
  {
    "name": "Require(8) node_modules/egg-multipart/config/config.default.js",
    "start": 1590399762851,
    "end": 1590399762852,
    "duration": 1,
    "pid": 8892,
    "index": 11
  },
  {
    "name": "Require(9) node_modules/egg-development/config/config.default.js",
    "start": 1590399762854,
    "end": 1590399762854,
    "duration": 0,
    "pid": 8892,
    "index": 12
  },
  {
    "name": "Require(10) node_modules/egg-logrotator/config/config.default.js",
    "start": 1590399762855,
    "end": 1590399762856,
    "duration": 1,
    "pid": 8892,
    "index": 13
  },
  {
    "name": "Require(11) node_modules/egg-static/config/config.default.js",
    "start": 1590399762857,
    "end": 1590399762858,
    "duration": 1,
    "pid": 8892,
    "index": 14
  },
  {
    "name": "Require(12) node_modules/egg-view/config/config.default.js",
    "start": 1590399762859,
    "end": 1590399762860,
    "duration": 1,
    "pid": 8892,
    "index": 15
  },
  {
    "name": "Require(13) node_modules/egg-mysql/config/config.default.js",
    "start": 1590399762861,
    "end": 1590399762862,
    "duration": 1,
    "pid": 8892,
    "index": 16
  },
  {
    "name": "Require(14) node_modules/egg-sequelize/config/config.default.js",
    "start": 1590399762863,
    "end": 1590399762864,
    "duration": 1,
    "pid": 8892,
    "index": 17
  },
  {
    "name": "Require(15) node_modules/egg-cors/config/config.default.js",
    "start": 1590399762865,
    "end": 1590399762866,
    "duration": 1,
    "pid": 8892,
    "index": 18
  },
  {
    "name": "Require(16) node_modules/egg/config/config.default.js",
    "start": 1590399762867,
    "end": 1590399762868,
    "duration": 1,
    "pid": 8892,
    "index": 19
  },
  {
    "name": "Require(17) config/config.default.js",
    "start": 1590399762873,
    "end": 1590399762873,
    "duration": 0,
    "pid": 8892,
    "index": 20
  },
  {
    "name": "Require(18) node_modules/egg-security/config/config.local.js",
    "start": 1590399762875,
    "end": 1590399762875,
    "duration": 0,
    "pid": 8892,
    "index": 21
  },
  {
    "name": "Require(19) node_modules/egg-watcher/config/config.local.js",
    "start": 1590399762877,
    "end": 1590399762878,
    "duration": 1,
    "pid": 8892,
    "index": 22
  },
  {
    "name": "Require(20) node_modules/egg-view/config/config.local.js",
    "start": 1590399762880,
    "end": 1590399762881,
    "duration": 1,
    "pid": 8892,
    "index": 23
  },
  {
    "name": "Require(21) node_modules/egg/config/config.local.js",
    "start": 1590399762883,
    "end": 1590399762883,
    "duration": 0,
    "pid": 8892,
    "index": 24
  },
  {
    "name": "Load extend/application.js",
    "start": 1590399762888,
    "end": 1590399762924,
    "duration": 36,
    "pid": 8892,
    "index": 25
  },
  {
    "name": "Require(22) node_modules/egg-session/app/extend/application.js",
    "start": 1590399762889,
    "end": 1590399762890,
    "duration": 1,
    "pid": 8892,
    "index": 26
  },
  {
    "name": "Require(23) node_modules/egg-security/app/extend/application.js",
    "start": 1590399762891,
    "end": 1590399762893,
    "duration": 2,
    "pid": 8892,
    "index": 27
  },
  {
    "name": "Require(24) node_modules/egg-jsonp/app/extend/application.js",
    "start": 1590399762894,
    "end": 1590399762896,
    "duration": 2,
    "pid": 8892,
    "index": 28
  },
  {
    "name": "Require(25) node_modules/egg-logrotator/app/extend/application.js",
    "start": 1590399762899,
    "end": 1590399762902,
    "duration": 3,
    "pid": 8892,
    "index": 29
  },
  {
    "name": "Require(26) node_modules/egg-view/app/extend/application.js",
    "start": 1590399762903,
    "end": 1590399762906,
    "duration": 3,
    "pid": 8892,
    "index": 30
  },
  {
    "name": "Load extend/request.js",
    "start": 1590399762924,
    "end": 1590399762940,
    "duration": 16,
    "pid": 8892,
    "index": 31
  },
  {
    "name": "Require(27) node_modules/egg/app/extend/request.js",
    "start": 1590399762932,
    "end": 1590399762934,
    "duration": 2,
    "pid": 8892,
    "index": 32
  },
  {
    "name": "Load extend/response.js",
    "start": 1590399762940,
    "end": 1590399762955,
    "duration": 15,
    "pid": 8892,
    "index": 33
  },
  {
    "name": "Require(28) node_modules/egg/app/extend/response.js",
    "start": 1590399762946,
    "end": 1590399762948,
    "duration": 2,
    "pid": 8892,
    "index": 34
  },
  {
    "name": "Load extend/context.js",
    "start": 1590399762955,
    "end": 1590399763071,
    "duration": 116,
    "pid": 8892,
    "index": 35
  },
  {
    "name": "Require(29) node_modules/egg-security/app/extend/context.js",
    "start": 1590399762956,
    "end": 1590399762974,
    "duration": 18,
    "pid": 8892,
    "index": 36
  },
  {
    "name": "Require(30) node_modules/egg-jsonp/app/extend/context.js",
    "start": 1590399762974,
    "end": 1590399762977,
    "duration": 3,
    "pid": 8892,
    "index": 37
  },
  {
    "name": "Require(31) node_modules/egg-i18n/app/extend/context.js",
    "start": 1590399762978,
    "end": 1590399762979,
    "duration": 1,
    "pid": 8892,
    "index": 38
  },
  {
    "name": "Require(32) node_modules/egg-multipart/app/extend/context.js",
    "start": 1590399762981,
    "end": 1590399763057,
    "duration": 76,
    "pid": 8892,
    "index": 39
  },
  {
    "name": "Require(33) node_modules/egg-view/app/extend/context.js",
    "start": 1590399763058,
    "end": 1590399763061,
    "duration": 3,
    "pid": 8892,
    "index": 40
  },
  {
    "name": "Require(34) node_modules/egg/app/extend/context.js",
    "start": 1590399763062,
    "end": 1590399763065,
    "duration": 3,
    "pid": 8892,
    "index": 41
  },
  {
    "name": "Load extend/helper.js",
    "start": 1590399763071,
    "end": 1590399763123,
    "duration": 52,
    "pid": 8892,
    "index": 42
  },
  {
    "name": "Require(35) node_modules/egg-security/app/extend/helper.js",
    "start": 1590399763072,
    "end": 1590399763111,
    "duration": 39,
    "pid": 8892,
    "index": 43
  },
  {
    "name": "Require(36) node_modules/egg/app/extend/helper.js",
    "start": 1590399763117,
    "end": 1590399763117,
    "duration": 0,
    "pid": 8892,
    "index": 44
  },
  {
    "name": "Load app.js",
    "start": 1590399763124,
    "end": 1590399763254,
    "duration": 130,
    "pid": 8892,
    "index": 45
  },
  {
    "name": "Require(37) node_modules/egg-session/app.js",
    "start": 1590399763125,
    "end": 1590399763126,
    "duration": 1,
    "pid": 8892,
    "index": 46
  },
  {
    "name": "Require(38) node_modules/egg-security/app.js",
    "start": 1590399763127,
    "end": 1590399763130,
    "duration": 3,
    "pid": 8892,
    "index": 47
  },
  {
    "name": "Require(39) node_modules/egg-onerror/app.js",
    "start": 1590399763131,
    "end": 1590399763149,
    "duration": 18,
    "pid": 8892,
    "index": 48
  },
  {
    "name": "Require(40) node_modules/egg-i18n/app.js",
    "start": 1590399763150,
    "end": 1590399763182,
    "duration": 32,
    "pid": 8892,
    "index": 49
  },
  {
    "name": "Require(41) node_modules/egg-watcher/app.js",
    "start": 1590399763187,
    "end": 1590399763193,
    "duration": 6,
    "pid": 8892,
    "index": 50
  },
  {
    "name": "Require(42) node_modules/egg-schedule/app.js",
    "start": 1590399763194,
    "end": 1590399763197,
    "duration": 3,
    "pid": 8892,
    "index": 51
  },
  {
    "name": "Require(43) node_modules/egg-multipart/app.js",
    "start": 1590399763197,
    "end": 1590399763202,
    "duration": 5,
    "pid": 8892,
    "index": 52
  },
  {
    "name": "Require(44) node_modules/egg-development/app.js",
    "start": 1590399763203,
    "end": 1590399763204,
    "duration": 1,
    "pid": 8892,
    "index": 53
  },
  {
    "name": "Require(45) node_modules/egg-logrotator/app.js",
    "start": 1590399763205,
    "end": 1590399763206,
    "duration": 1,
    "pid": 8892,
    "index": 54
  },
  {
    "name": "Require(46) node_modules/egg-static/app.js",
    "start": 1590399763206,
    "end": 1590399763207,
    "duration": 1,
    "pid": 8892,
    "index": 55
  },
  {
    "name": "Require(47) node_modules/egg-mysql/app.js",
    "start": 1590399763209,
    "end": 1590399763249,
    "duration": 40,
    "pid": 8892,
    "index": 56
  },
  {
    "name": "Require(48) node_modules/egg-sequelize/app.js",
    "start": 1590399763250,
    "end": 1590399763251,
    "duration": 1,
    "pid": 8892,
    "index": 57
  },
  {
    "name": "Require(49) node_modules/egg-cors/app.js",
    "start": 1590399763251,
    "end": 1590399763252,
    "duration": 1,
    "pid": 8892,
    "index": 58
  },
  {
    "name": "Before Start in node_modules/egg-watcher/lib/init.js:15:14",
    "start": 1590399763293,
    "end": 1590399764480,
    "duration": 1187,
    "pid": 8892,
    "index": 59
  },
  {
    "name": "Before Start in node_modules/egg-mysql/lib/mysql.js:20:7",
    "start": 1590399763582,
    "end": 1590399764489,
    "duration": 907,
    "pid": 8892,
    "index": 60
  },
  {
    "name": "Load \"Symbol(model)\" to Application",
    "start": 1590399763858,
    "end": 1590399763977,
    "duration": 119,
    "pid": 8892,
    "index": 61
  },
  {
    "name": "Before Start in node_modules/egg-sequelize/lib/loader.js:39:7",
    "start": 1590399764021,
    "end": 1590399764549,
    "duration": 528,
    "pid": 8892,
    "index": 62
  },
  {
    "name": "Load Service",
    "start": 1590399764021,
    "end": 1590399764068,
    "duration": 47,
    "pid": 8892,
    "index": 63
  },
  {
    "name": "Load \"service\" to Context",
    "start": 1590399764022,
    "end": 1590399764068,
    "duration": 46,
    "pid": 8892,
    "index": 64
  },
  {
    "name": "Load Middleware",
    "start": 1590399764068,
    "end": 1590399764234,
    "duration": 166,
    "pid": 8892,
    "index": 65
  },
  {
    "name": "Load \"middlewares\" to Application",
    "start": 1590399764069,
    "end": 1590399764210,
    "duration": 141,
    "pid": 8892,
    "index": 66
  },
  {
    "name": "Load Controller",
    "start": 1590399764234,
    "end": 1590399764276,
    "duration": 42,
    "pid": 8892,
    "index": 67
  },
  {
    "name": "Load \"controller\" to Application",
    "start": 1590399764234,
    "end": 1590399764276,
    "duration": 42,
    "pid": 8892,
    "index": 68
  },
  {
    "name": "Load Router",
    "start": 1590399764276,
    "end": 1590399764292,
    "duration": 16,
    "pid": 8892,
    "index": 69
  },
  {
    "name": "Require(50) app/router.js",
    "start": 1590399764277,
    "end": 1590399764278,
    "duration": 1,
    "pid": 8892,
    "index": 70
  },
  {
    "name": "Before Start in node_modules/egg-core/lib/egg.js:303:10",
    "start": 1590399764280,
    "end": 1590399764356,
    "duration": 76,
    "pid": 8892,
    "index": 71
  }
]