[
  {
    "name": "Application Start",
    "start": 1590399710664,
    "end": 1590399713219,
    "duration": 2555,
    "pid": 9156,
    "index": 0
  },
  {
    "name": "Load Plugin",
    "start": 1590399710674,
    "end": 1590399710718,
    "duration": 44,
    "pid": 9156,
    "index": 1
  },
  {
    "name": "Load Config",
    "start": 1590399710718,
    "end": 1590399711408,
    "duration": 690,
    "pid": 9156,
    "index": 2
  },
  {
    "name": "Require(0) config/config.default.js",
    "start": 1590399710720,
    "end": 1590399710721,
    "duration": 1,
    "pid": 9156,
    "index": 3
  },
  {
    "name": "Require(1) node_modules/egg-session/config/config.default.js",
    "start": 1590399711352,
    "end": 1590399711352,
    "duration": 0,
    "pid": 9156,
    "index": 4
  },
  {
    "name": "Require(2) node_modules/egg-security/config/config.default.js",
    "start": 1590399711354,
    "end": 1590399711355,
    "duration": 1,
    "pid": 9156,
    "index": 5
  },
  {
    "name": "Require(3) node_modules/egg-jsonp/config/config.default.js",
    "start": 1590399711359,
    "end": 1590399711359,
    "duration": 0,
    "pid": 9156,
    "index": 6
  },
  {
    "name": "Require(4) node_modules/egg-onerror/config/config.default.js",
    "start": 1590399711360,
    "end": 1590399711361,
    "duration": 1,
    "pid": 9156,
    "index": 7
  },
  {
    "name": "Require(5) node_modules/egg-i18n/config/config.default.js",
    "start": 1590399711362,
    "end": 1590399711363,
    "duration": 1,
    "pid": 9156,
    "index": 8
  },
  {
    "name": "Require(6) node_modules/egg-watcher/config/config.default.js",
    "start": 1590399711365,
    "end": 1590399711366,
    "duration": 1,
    "pid": 9156,
    "index": 9
  },
  {
    "name": "Require(7) node_modules/egg-schedule/config/config.default.js",
    "start": 1590399711367,
    "end": 1590399711367,
    "duration": 0,
    "pid": 9156,
    "index": 10
  },
  {
    "name": "Require(8) node_modules/egg-multipart/config/config.default.js",
    "start": 1590399711369,
    "end": 1590399711370,
    "duration": 1,
    "pid": 9156,
    "index": 11
  },
  {
    "name": "Require(9) node_modules/egg-development/config/config.default.js",
    "start": 1590399711371,
    "end": 1590399711372,
    "duration": 1,
    "pid": 9156,
    "index": 12
  },
  {
    "name": "Require(10) node_modules/egg-logrotator/config/config.default.js",
    "start": 1590399711373,
    "end": 1590399711374,
    "duration": 1,
    "pid": 9156,
    "index": 13
  },
  {
    "name": "Require(11) node_modules/egg-static/config/config.default.js",
    "start": 1590399711375,
    "end": 1590399711376,
    "duration": 1,
    "pid": 9156,
    "index": 14
  },
  {
    "name": "Require(12) node_modules/egg-view/config/config.default.js",
    "start": 1590399711377,
    "end": 1590399711378,
    "duration": 1,
    "pid": 9156,
    "index": 15
  },
  {
    "name": "Require(13) node_modules/egg-mysql/config/config.default.js",
    "start": 1590399711379,
    "end": 1590399711380,
    "duration": 1,
    "pid": 9156,
    "index": 16
  },
  {
    "name": "Require(14) node_modules/egg-sequelize/config/config.default.js",
    "start": 1590399711382,
    "end": 1590399711382,
    "duration": 0,
    "pid": 9156,
    "index": 17
  },
  {
    "name": "Require(15) node_modules/egg-cors/config/config.default.js",
    "start": 1590399711384,
    "end": 1590399711384,
    "duration": 0,
    "pid": 9156,
    "index": 18
  },
  {
    "name": "Require(16) node_modules/egg/config/config.default.js",
    "start": 1590399711385,
    "end": 1590399711387,
    "duration": 2,
    "pid": 9156,
    "index": 19
  },
  {
    "name": "Require(17) config/config.default.js",
    "start": 1590399711393,
    "end": 1590399711393,
    "duration": 0,
    "pid": 9156,
    "index": 20
  },
  {
    "name": "Require(18) node_modules/egg-security/config/config.local.js",
    "start": 1590399711395,
    "end": 1590399711396,
    "duration": 1,
    "pid": 9156,
    "index": 21
  },
  {
    "name": "Require(19) node_modules/egg-watcher/config/config.local.js",
    "start": 1590399711399,
    "end": 1590399711400,
    "duration": 1,
    "pid": 9156,
    "index": 22
  },
  {
    "name": "Require(20) node_modules/egg-view/config/config.local.js",
    "start": 1590399711403,
    "end": 1590399711404,
    "duration": 1,
    "pid": 9156,
    "index": 23
  },
  {
    "name": "Require(21) node_modules/egg/config/config.local.js",
    "start": 1590399711406,
    "end": 1590399711407,
    "duration": 1,
    "pid": 9156,
    "index": 24
  },
  {
    "name": "Load extend/application.js",
    "start": 1590399711412,
    "end": 1590399711461,
    "duration": 49,
    "pid": 9156,
    "index": 25
  },
  {
    "name": "Require(22) node_modules/egg-session/app/extend/application.js",
    "start": 1590399711415,
    "end": 1590399711417,
    "duration": 2,
    "pid": 9156,
    "index": 26
  },
  {
    "name": "Require(23) node_modules/egg-security/app/extend/application.js",
    "start": 1590399711418,
    "end": 1590399711421,
    "duration": 3,
    "pid": 9156,
    "index": 27
  },
  {
    "name": "Require(24) node_modules/egg-jsonp/app/extend/application.js",
    "start": 1590399711422,
    "end": 1590399711425,
    "duration": 3,
    "pid": 9156,
    "index": 28
  },
  {
    "name": "Require(25) node_modules/egg-logrotator/app/extend/application.js",
    "start": 1590399711430,
    "end": 1590399711434,
    "duration": 4,
    "pid": 9156,
    "index": 29
  },
  {
    "name": "Require(26) node_modules/egg-view/app/extend/application.js",
    "start": 1590399711436,
    "end": 1590399711438,
    "duration": 2,
    "pid": 9156,
    "index": 30
  },
  {
    "name": "Load extend/request.js",
    "start": 1590399711461,
    "end": 1590399711477,
    "duration": 16,
    "pid": 9156,
    "index": 31
  },
  {
    "name": "Require(27) node_modules/egg/app/extend/request.js",
    "start": 1590399711469,
    "end": 1590399711471,
    "duration": 2,
    "pid": 9156,
    "index": 32
  },
  {
    "name": "Load extend/response.js",
    "start": 1590399711477,
    "end": 1590399711494,
    "duration": 17,
    "pid": 9156,
    "index": 33
  },
  {
    "name": "Require(28) node_modules/egg/app/extend/response.js",
    "start": 1590399711485,
    "end": 1590399711488,
    "duration": 3,
    "pid": 9156,
    "index": 34
  },
  {
    "name": "Load extend/context.js",
    "start": 1590399711494,
    "end": 1590399711650,
    "duration": 156,
    "pid": 9156,
    "index": 35
  },
  {
    "name": "Require(29) node_modules/egg-security/app/extend/context.js",
    "start": 1590399711496,
    "end": 1590399711517,
    "duration": 21,
    "pid": 9156,
    "index": 36
  },
  {
    "name": "Require(30) node_modules/egg-jsonp/app/extend/context.js",
    "start": 1590399711518,
    "end": 1590399711521,
    "duration": 3,
    "pid": 9156,
    "index": 37
  },
  {
    "name": "Require(31) node_modules/egg-i18n/app/extend/context.js",
    "start": 1590399711522,
    "end": 1590399711523,
    "duration": 1,
    "pid": 9156,
    "index": 38
  },
  {
    "name": "Require(32) node_modules/egg-multipart/app/extend/context.js",
    "start": 1590399711525,
    "end": 1590399711628,
    "duration": 103,
    "pid": 9156,
    "index": 39
  },
  {
    "name": "Require(33) node_modules/egg-view/app/extend/context.js",
    "start": 1590399711634,
    "end": 1590399711638,
    "duration": 4,
    "pid": 9156,
    "index": 40
  },
  {
    "name": "Require(34) node_modules/egg/app/extend/context.js",
    "start": 1590399711640,
    "end": 1590399711643,
    "duration": 3,
    "pid": 9156,
    "index": 41
  },
  {
    "name": "Load extend/helper.js",
    "start": 1590399711651,
    "end": 1590399711722,
    "duration": 71,
    "pid": 9156,
    "index": 42
  },
  {
    "name": "Require(35) node_modules/egg-security/app/extend/helper.js",
    "start": 1590399711652,
    "end": 1590399711709,
    "duration": 57,
    "pid": 9156,
    "index": 43
  },
  {
    "name": "Require(36) node_modules/egg/app/extend/helper.js",
    "start": 1590399711715,
    "end": 1590399711716,
    "duration": 1,
    "pid": 9156,
    "index": 44
  },
  {
    "name": "Load app.js",
    "start": 1590399711724,
    "end": 1590399711897,
    "duration": 173,
    "pid": 9156,
    "index": 45
  },
  {
    "name": "Require(37) node_modules/egg-session/app.js",
    "start": 1590399711725,
    "end": 1590399711726,
    "duration": 1,
    "pid": 9156,
    "index": 46
  },
  {
    "name": "Require(38) node_modules/egg-security/app.js",
    "start": 1590399711727,
    "end": 1590399711731,
    "duration": 4,
    "pid": 9156,
    "index": 47
  },
  {
    "name": "Require(39) node_modules/egg-onerror/app.js",
    "start": 1590399711733,
    "end": 1590399711757,
    "duration": 24,
    "pid": 9156,
    "index": 48
  },
  {
    "name": "Require(40) node_modules/egg-i18n/app.js",
    "start": 1590399711758,
    "end": 1590399711797,
    "duration": 39,
    "pid": 9156,
    "index": 49
  },
  {
    "name": "Require(41) node_modules/egg-watcher/app.js",
    "start": 1590399711805,
    "end": 1590399711813,
    "duration": 8,
    "pid": 9156,
    "index": 50
  },
  {
    "name": "Require(42) node_modules/egg-schedule/app.js",
    "start": 1590399711814,
    "end": 1590399711819,
    "duration": 5,
    "pid": 9156,
    "index": 51
  },
  {
    "name": "Require(43) node_modules/egg-multipart/app.js",
    "start": 1590399711820,
    "end": 1590399711827,
    "duration": 7,
    "pid": 9156,
    "index": 52
  },
  {
    "name": "Require(44) node_modules/egg-development/app.js",
    "start": 1590399711828,
    "end": 1590399711829,
    "duration": 1,
    "pid": 9156,
    "index": 53
  },
  {
    "name": "Require(45) node_modules/egg-logrotator/app.js",
    "start": 1590399711829,
    "end": 1590399711830,
    "duration": 1,
    "pid": 9156,
    "index": 54
  },
  {
    "name": "Require(46) node_modules/egg-static/app.js",
    "start": 1590399711831,
    "end": 1590399711832,
    "duration": 1,
    "pid": 9156,
    "index": 55
  },
  {
    "name": "Require(47) node_modules/egg-mysql/app.js",
    "start": 1590399711834,
    "end": 1590399711886,
    "duration": 52,
    "pid": 9156,
    "index": 56
  },
  {
    "name": "Require(48) node_modules/egg-sequelize/app.js",
    "start": 1590399711887,
    "end": 1590399711888,
    "duration": 1,
    "pid": 9156,
    "index": 57
  },
  {
    "name": "Require(49) node_modules/egg-cors/app.js",
    "start": 1590399711889,
    "end": 1590399711891,
    "duration": 2,
    "pid": 9156,
    "index": 58
  },
  {
    "name": "Before Start in node_modules/egg-watcher/lib/init.js:15:14",
    "start": 1590399711934,
    "end": 1590399713152,
    "duration": 1218,
    "pid": 9156,
    "index": 59
  },
  {
    "name": "Before Start in node_modules/egg-mysql/lib/mysql.js:20:7",
    "start": 1590399712227,
    "end": 1590399713157,
    "duration": 930,
    "pid": 9156,
    "index": 60
  },
  {
    "name": "Load \"Symbol(model)\" to Application",
    "start": 1590399712528,
    "end": 1590399712672,
    "duration": 144,
    "pid": 9156,
    "index": 61
  },
  {
    "name": "Before Start in node_modules/egg-sequelize/lib/loader.js:39:7",
    "start": 1590399712726,
    "end": 1590399713217,
    "duration": 491,
    "pid": 9156,
    "index": 62
  },
  {
    "name": "Load Service",
    "start": 1590399712728,
    "end": 1590399712779,
    "duration": 51,
    "pid": 9156,
    "index": 63
  },
  {
    "name": "Load \"service\" to Context",
    "start": 1590399712728,
    "end": 1590399712779,
    "duration": 51,
    "pid": 9156,
    "index": 64
  },
  {
    "name": "Load Middleware",
    "start": 1590399712779,
    "end": 1590399712947,
    "duration": 168,
    "pid": 9156,
    "index": 65
  },
  {
    "name": "Load \"middlewares\" to Application",
    "start": 1590399712780,
    "end": 1590399712925,
    "duration": 145,
    "pid": 9156,
    "index": 66
  },
  {
    "name": "Load Controller",
    "start": 1590399712947,
    "end": 1590399712979,
    "duration": 32,
    "pid": 9156,
    "index": 67
  },
  {
    "name": "Load \"controller\" to Application",
    "start": 1590399712947,
    "end": 1590399712979,
    "duration": 32,
    "pid": 9156,
    "index": 68
  },
  {
    "name": "Load Router",
    "start": 1590399712979,
    "end": 1590399712993,
    "duration": 14,
    "pid": 9156,
    "index": 69
  },
  {
    "name": "Require(50) app/router.js",
    "start": 1590399712980,
    "end": 1590399712981,
    "duration": 1,
    "pid": 9156,
    "index": 70
  },
  {
    "name": "Before Start in node_modules/egg-core/lib/egg.js:303:10",
    "start": 1590399712983,
    "end": 1590399713049,
    "duration": 66,
    "pid": 9156,
    "index": 71
  }
]